{
  "indexes": [
    {
      "collectionGroup": "audit_logs",
      "queryScope": "COLLECTION",
      "fields": [
        { "fieldPath": "dependentId", "order": "ASCENDING" },
        { "fieldPath": "timestamp", "order": "DESCENDING" }
      ]
    },
    {
      "collectionGroup": "audit_logs",
      "queryScope": "COLLECTION",
      "fields": [
        { "fieldPath": "entityType", "order": "ASCENDING" },
        { "fieldPath": "entityId", "order": "ASCENDING" },
        { "fieldPath": "timestamp", "order": "DESCENDING" }
      ]
    },
    {
      "collectionGroup": "audit_logs",
      "queryScope": "COLLECTION",
      "fields": [
        { "fieldPath": "dependentId", "order": "ASCENDING" },
        { "fieldPath": "entityType", "order": "ASCENDING" },
        { "fieldPath": "timestamp", "order": "DESCENDING" }
      ]
    },
    {
      "collectionGroup": "audit_logs",
      "queryScope": "COLLECTION",
      "fields": [
        { "fieldPath": "dependentId", "order": "ASCENDING" },
        { "fieldPath": "action", "order": "ASCENDING" },
        { "fieldPath": "timestamp", "order": "DESCENDING" }
      ]
    },
    {
      "collectionGroup": "medicamentos",
      "queryScope": "COLLECTION",
      "fields": [
        { "fieldPath": "isArchived", "order": "ASCENDING" },
        { "fieldPath": "nome", "order": "ASCENDING" }
      ]
    },
    {
      "collectionGroup": "medicamentos",
      "queryScope": "COLLECTION",
      "fields": [
        { "fieldPath": "isArchived", "order": "ASCENDING" },
        { "fieldPath": "isPaused", "order": "ASCENDING" },
        { "fieldPath": "nome", "order": "ASCENDING" }
      ]
    },
    {
      "collectionGroup": "medicamentos",
      "queryScope": "COLLECTION",
      "fields": [
        { "fieldPath": "isArchived", "order": "ASCENDING" },
        { "fieldPath": "isUsoContinuo", "order": "ASCENDING" },
        { "fieldPath": "nome", "order": "ASCENDING" }
      ]
    },
    {
      "collectionGroup": "medicamentos",
      "queryScope": "COLLECTION",
      "fields": [
        { "fieldPath": "isArchived", "order": "ASCENDING" },
        { "fieldPath": "createdAt", "order": "DESCENDING" }
      ]
    },
    {
      "collectionGroup": "historico_doses",
      "queryScope": "COLLECTION",
      "fields": [
        { "fieldPath": "medicamentoId", "order": "ASCENDING" },
        { "fieldPath": "timestampString", "order": "DESCENDING" }
      ]
    },
    {
      "collectionGroup": "historico_doses",
      "queryScope": "COLLECTION",
      "fields": [
        { "fieldPath": "status", "order": "ASCENDING" },
        { "fieldPath": "timestampString", "order": "DESCENDING" }
      ]
    },
    {
      "collectionGroup": "historico_doses",
      "queryScope": "COLLECTION",
      "fields": [
        { "fieldPath": "medicamentoId", "order": "ASCENDING" },
        { "fieldPath": "status", "order": "ASCENDING" },
        { "fieldPath": "timestampString", "order": "DESCENDING" }
      ]
    },
    {
      "collectionGroup": "documentos_saude",
      "queryScope": "COLLECTION",
      "fields": [
        { "fieldPath": "tipo", "order": "ASCENDING" },
        { "fieldPath": "dataDocumento", "order": "DESCENDING" }
      ]
    },
    {
      "collectionGroup": "documentos_saude",
      "queryScope": "COLLECTION",
      "fields": [
        { "fieldPath": "tipo", "order": "ASCENDING" },
        { "fieldPath": "dataDocumento", "order": "ASCENDING" }
      ]
    },
    {
      "collectionGroup": "agendamentos",
      "queryScope": "COLLECTION",
      "fields": [
        { "fieldPath": "isActive", "order": "ASCENDING" },
        { "fieldPath": "timestampString", "order": "ASCENDING" }
      ]
    },
    {
      "collectionGroup": "agendamentos",
      "queryScope": "COLLECTION",
      "fields": [
        { "fieldPath": "tipo", "order": "ASCENDING" },
        { "fieldPath": "timestampString", "order": "ASCENDING" }
      ]
    },
    {
      "collectionGroup": "agendamentos",
      "queryScope": "COLLECTION",
      "fields": [
        { "fieldPath": "isActive", "order": "ASCENDING" },
        { "fieldPath": "tipo", "order": "ASCENDING" },
        { "fieldPath": "timestampString", "order": "ASCENDING" }
      ]
    }
  ],
  "fieldOverrides": []
}

